directory_name,source
accu,RTLLM
adder_64bit,RTLLM
alu,RTLLM
calendar,RTLLM
counter_12,RTLLM
div_16bit,RTLLM
edge_detect,RTLLM
freq_div,RTLLM
fsm,RTLLM
JC_counter,RTLLM
multi_16bit,RTLLM
multi_booth_8bit,RTLLM
multi_pipe_4bit,RTLLM
multi_pipe_8bit,RTLLM
parallel2serial,RTLLM
pe,RTLLM
pulse_detect,RTLLM
radix2_div,RTLLM
RAM,RTLLM
right_shifter,RTLLM
serial2parallel,RTLLM
signal_generator,RTLLM
synchronizer,RTLLM
traffic_light,RTLLM
width_8to16,RTLLM
m_2012_q1g,HDLBits
m_2012_q2b,HDLBits
m_2012_q2fsm,HDLBits
m_2013_q2afsm,HDLBits
m_2013_q2bfsm,HDLBits
m_2014_q3bfsm,HDLBits
m_2014_q3c,HDLBits
m_2014_q3fsm,HDLBits
m_2014_q4a,HDLBits
m_7420,HDLBits
m_7458,HDLBits
always_case,HDLBits
always_case2,HDLBits
always_casez,HDLBits
always_if,HDLBits
always_if2,HDLBits
always_nolatches,HDLBits
alwaysblock1,HDLBits
alwaysblock2,HDLBits
andgate,HDLBits
bugs_addsubz,HDLBits
bugs_case,HDLBits
bugs_mux2,HDLBits
circuit1,HDLBits
circuit10,HDLBits
circuit2,HDLBits
circuit3,HDLBits
circuit4,HDLBits
circuit5,HDLBits
circuit6,HDLBits
circuit7,HDLBits
circuit8,HDLBits
circuit9,HDLBits
conditional,HDLBits
conwaylife,HDLBits
count10,HDLBits
count15,HDLBits
count1to10,HDLBits
count_clock,HDLBits
countbcd,HDLBits
counter_2bc,HDLBits
countslow,HDLBits
dff,HDLBits
dff16e,HDLBits
dff8,HDLBits
dff8ar,HDLBits
dff8p,HDLBits
dff8r,HDLBits
dualedge,HDLBits
ece241_2013_q12,HDLBits
ece241_2013_q2,HDLBits
ece241_2013_q4,HDLBits
ece241_2013_q7,HDLBits
ece241_2013_q8,HDLBits
ece241_2014_q1c,HDLBits
ece241_2014_q3,HDLBits
ece241_2014_q4,HDLBits
ece241_2014_q5a,HDLBits
ece241_2014_q5b,HDLBits
edgecapture,HDLBits
edgedetect,HDLBits
edgedetect2,HDLBits
fadd,HDLBits
fsm1,HDLBits
fsm1s,HDLBits
fsm2,HDLBits
fsm2s,HDLBits
fsm3,HDLBits
fsm3comb,HDLBits
fsm3onehot,HDLBits
fsm3s,HDLBits
fsm_hdlc,HDLBits
fsm_onehot,HDLBits
fsm_ps2,HDLBits
fsm_ps2data,HDLBits
fsm_serial,HDLBits
fsm_serialdata,HDLBits
gates,HDLBits
gates100,HDLBits
gates4,HDLBits
gatesv,HDLBits
gatesv100,HDLBits
gshare,HDLBits
hadd,HDLBits
history_shift,HDLBits
kmap1,HDLBits
kmap2,HDLBits
kmap3,HDLBits
kmap4,HDLBits
lemmings1,HDLBits
lemmings2,HDLBits
lemmings3,HDLBits
lemmings4,HDLBits
lfsr32,HDLBits
lfsr5,HDLBits
m2014_q3,HDLBits
m2014_q4a,HDLBits
m2014_q4b,HDLBits
m2014_q4c,HDLBits
m2014_q4d,HDLBits
m2014_q4e,HDLBits
m2014_q4f,HDLBits
m2014_q4g,HDLBits
m2014_q4h,HDLBits
m2014_q4i,HDLBits
m2014_q4j,HDLBits
m2014_q4k,HDLBits
m2014_q6,HDLBits
m2014_q6b,HDLBits
m2014_q6c,HDLBits
mt2015_eq2,HDLBits
mt2015_muxdff,HDLBits
mt2015_q4,HDLBits
mt2015_q4a,HDLBits
mt2015_q4b,HDLBits
mux256to1,HDLBits
mux256to1v,HDLBits
mux2to1,HDLBits
mux2to1v,HDLBits
mux9to1v,HDLBits
norgate,HDLBits
notgate,HDLBits
popcount255,HDLBits
popcount3,HDLBits
reduction,HDLBits
review2015_count1k,HDLBits
review2015_fancytimer,HDLBits
review2015_fsm,HDLBits
review2015_fsmonehot,HDLBits
review2015_fsmseq,HDLBits
review2015_fsmshift,HDLBits
review2015_shiftcount,HDLBits
ringer,HDLBits
rotate100,HDLBits
rule110,HDLBits
rule90,HDLBits
shift18,HDLBits
shift4,HDLBits
step_one,HDLBits
thermostat,HDLBits
timer,HDLBits
truthtable1,HDLBits
vector0,HDLBits
vector1,HDLBits
vector100r,HDLBits
vector2,HDLBits
vector3,HDLBits
vector4,HDLBits
vector5,HDLBits
vectorgates,HDLBits
vectorr,HDLBits
m_wire,HDLBits
wire4,HDLBits
wire_decl,HDLBits
xnorgate,HDLBits
zero,HDLBits
CPE_base,lab
RGB2YCBCR,lab
absolute,lab
add_sub27,lab
adder4,lab
aes_rcon,lab
ahb_wb_mpeg2,lab
bdc_rcnarray,lab
bilinear,lab
bs4_strong_FIR,lab
bs4_weak_FIR,lab
butterfly,lab
cla_logic,lab
clip_to_c,lab
ct_mtparray,lab
ctltgen,lab
ctspgen,lab
dc_hmult,lab
dc_hrdcp,lab
dc_hscarray,lab
dc_vpdsm,lab
dc_vrdcp,lab
dc_vscarray,lab
dct_mac,lab
div6,lab
div_r2,lab
eth_clockgen,lab
eth_crc,lab
eth_outputcontrol,lab
eth_random,lab
eth_register,lab
eth_rxaddrcheck,lab
eth_rxcounters,lab
eth_rxstatem,lab
eth_shiftreg,lab
eth_txcounters,lab
eth_txstatem,lab
except,lab
ext_RAM_ctrl,lab
f3_add,lab
f3_add1,lab
f3_mult,lab
f3_sub1,lab
filterH_6tap,lab
filterV_6tap,lab
func6,lab
heading_one_detector,lab
iadder_B32_ZHU,lab
idct_dmade,lab
idct_masft,lab
idct_pccsl,lab
idct_pobtf,lab
idct_pornt,lab
idct_prdin,lab
idct_princ,lab
idct_romx0,lab
idct_romx2,lab
idct_romx3,lab
idct_romx4,lab
idct_romx6,lab
idct_round,lab
idct_seqmbs,lab
idct_trnad,lab
idct_trparray,lab
idct_zdout,lab
iq_mtxarray,lab
iq_pastdc,lab
iq_zgtarray,lab
jpeg_rzs,lab
main_seed_precomputation,lab
mc_bmbarray,lab
mc_cs_rf_dummy,lab
mc_hph,lab
mc_hpv,lab
mc_ibearray,lab
mc_iboarray,lab
mc_incn_r,lab
mc_obct,lab
mc_obct_dummy,lab
mc_rd_fifo,lab
mc_refresh,lab
mc_ritarray,lab
mod6,lab
mul_r2,lab
mv_diff_GE4,lab
padder1,lab
pci_cbe_en_crit,lab
pci_conf_cyc_addr_dec,lab
pci_frame_crit,lab
pci_frame_en_crit,lab
pci_frame_load_crit,lab
pci_io_mux_ad_en_crit,lab
pci_io_mux_ad_load_crit,lab
pci_irdy_out_crit,lab
pci_mas_ad_en_crit,lab
pci_mas_ad_load_crit,lab
pci_mas_ch_state_crit,lab
pci_par_crit,lab
pci_perr_crit,lab
pci_perr_en_crit,lab
pci_serr_crit,lab
pci_serr_en_crit,lab
pci_synchronizer_flop,lab
pci_target32_clk_en,lab
pci_target32_devs_crit,lab
pci_target32_stop_crit,lab
pci_target32_trdy_crit,lab
pci_wb_decoder,lab
plane_HV_precomputation,lab
plane_a_precomputation,lab
plane_bc_precomputation,lab
rconst,lab
rconst2in1,lab
rec_DF_RAM0_96x32,lab
rec_DF_RAM1_96x32,lab
reg_hdiarray,lab
rescale_shift,lab
sasc_brg,lab
sasc_fifo4,lab
stats_sm,lab
sync_fifo_32,lab
sync_fifo_ff,lab
tv80_reg,lab
uc_hlsel,lab
uc_vtsel,lab
usbf_crc16,lab
usbf_crc5,lab
usbf_ep_rf_dummy,lab
usbf_mem_arb,lab
vga_clkgen,lab
vga_cur_cregs,lab
vga_vtim,lab
vld_dcshft,lab
vld_gophed,lab
vld_nulsft,lab
wb_conmax_arb,lab
wb_conmax_pri_dec,lab
wb_dma_inc30r,lab
wb_dma_pri_enc_sub,lab
wb_dma_wb_mast,lab
zigzag,lab
CNORM,lab
D10_31450,lab
D12_31470,lab
D14_31172,lab
D16_31184,lab
D18_30906,lab
D20_30914,lab
D2_32101,lab
D4_32169,lab
D6_31752,lab
D8_31788,lab
DW01_add1,lab
DW01_add2,lab
Fadder_,lab
Fadder_2,lab
Hadder_,lab
InternalsBlock_Reflector,lab
MPU707,lab
Mult_32b,lab
RAM2x64C_1,lab
ResetToBool,lab
a25_alu,lab
a25_coprocessor,lab
a25_multiply,lab
a25_shifter_quick,lab
a25_write_back,lab
accum,lab
add_32b,lab
adder_with_1_reg,lab
addfxp,lab
b_left_shifter,lab
b_left_shifter_new,lab
b_right_shifter,lab
b_right_shifter_new,lab
bilinearintrp,lab
bm_DL_2_1_mux,lab
bm_DL_2_cascaded_flip_flops,lab
bm_DL_4_1_mux,lab
bm_DL_4_bit_comparator,lab
bm_DL_74381_ALU,lab
bm_DL_BCD_7_segment_without_x,lab
bm_DL_BCD_adder,lab
bm_DL_D_flipflop,lab
bm_DL_D_latch,lab
bm_DL_Dff_w_synch_reset,lab
bm_DL_behavioural_full_adder,lab
bm_DL_logic_w_Dff,lab
bm_DL_logic_w_Dff2,lab
bm_DL_nbit_adder_with_carryout_and_overflow,lab
bm_DL_nbit_adder_with_carryout_and_overflow_simplified,lab
bm_DL_simple_fsm,lab
bm_my_D_latch1,lab
bm_my_D_latch2,lab
bottom,lab
branch_detector,lab
branchresolve,lab
c,lab
cf_fir_24_16_16_11,lab
cf_fir_24_16_16_17,lab
cf_fir_24_16_16_23,lab
cf_fir_24_16_16_26,lab
cf_fir_24_16_16_7,lab
cf_fir_24_16_16_8,lab
cf_fir_3_8_8_3,lab
cf_fir_3_8_8_4,lab
coefio,lab
col16to21,lab
corr,lab
corr_seq,lab
d,lab
define_syntax,lab
delay16x16,lab
delay16x37,lab
delay1x3,lab
delay1x30,lab
delay1x37,lab
delay1x6,lab
delay2x5,lab
delay2x8,lab
delay51x1,lab
delay_syntax,lab
diffeq_f_systemC,lab
diffeq_paj_convert,lab
divider,lab
dummy_mult,lab
exchange,lab
fakedelay,lab
fifo226,lab
fifo3,lab
fifo316,lab
fifo496,lab
foobar,lab
full_adder,lab
fulladd,lab
hi_reg,lab
include_test,lab
inferred_ram,lab
input_pipeline,lab
lo_reg,lab
load_data_translator,lab
logic_unit,lab
lp_fltr,lab
matmult,lab
memMod,lab
memMod_dist,lab
merge26lo,lab
mult_signed_32,lab
mult_signed_32_bc,lab
multfix,lab
multicyclestall,lab
multiplier_block,lab
multiplier_with_reg,lab
multiply,lab
mux,lab
mux4to1,lab
muxdff,lab
my_divider,lab
my_fifo_1,lab
my_fifo_179,lab
my_fifo_2,lab
my_fifo_316,lab
my_fifo_359,lab
my_fifo_496,lab
my_fifo_89,lab
nextReg,lab
nop,lab
oc54_acc,lab
oc54_bshft,lab
oc54_cssu,lab
oc54_exp,lab
oc54_mac,lab
oc54_treg,lab
one_register,lab
onecyclestall,lab
onlyonecycle,lab
or1200_pm,lab
or1200_tt,lab
pcadder,lab
pipedelayreg,lab
pipereg,lab
pipereg_full,lab
pipereg_w1,lab
pipereg_w26,lab
pipereg_w32,lab
pipereg_w5,lab
pipereg_w6,lab
posedge_reg_sync_reset,lab
rayinterface,lab
raysend,lab
register,lab
register_1bit,lab
register_sync,lab
resultcounter,lab
resultinterface,lab
rng,lab
rsdec_chien_scale0,lab
rsdec_chien_scale1,lab
rsdec_chien_scale10,lab
rsdec_chien_scale11,lab
rsdec_chien_scale2,lab
rsdec_chien_scale3,lab
rsdec_chien_scale4,lab
rsdec_chien_scale5,lab
rsdec_chien_scale6,lab
rsdec_chien_scale7,lab
rsdec_chien_scale8,lab
rsdec_chien_scale9,lab
rsdec_syn_m0,lab
rsdec_syn_m1,lab
rsdec_syn_m10,lab
rsdec_syn_m11,lab
rsdec_syn_m2,lab
rsdec_syn_m3,lab
rsdec_syn_m4,lab
rsdec_syn_m5,lab
rsdec_syn_m6,lab
rsdec_syn_m7,lab
rsdec_syn_m8,lab
rsdec_syn_m9,lab
rtlRam,lab
sh_reg,lab
sh_reg_1,lab
shiftRegFIFO,lab
shifter,lab
signed_shifter,lab
signext16,lab
simple,lab
single_port_ram_128_8,lab
single_port_ram_21_8,lab
spram,lab
spram21x4,lab
store_data_translator,lab
sub_32b,lab
sub_64b,lab
subfxp,lab
swNet30653,lab
swNet30735,lab
swNet30997,lab
swNet31267,lab
swNet31553,lab
swNet31871,lab
swNet32252,lab
timescale_syntax,lab
vectdelay16x1,lab
vectdelay16x2,lab
vectdelay29x2,lab
vectexchange,lab
zeroer,lab
AN2D4PO4,lab
CKLNQD12,lab
CKLNQD12PO4,lab
FP16_TO_FP17_chn_a_rsci_unreg,lab
FP16_TO_FP17_chn_o_rsci_unreg,lab
FP16_TO_FP17_leading_sign_10_0,lab
FP16_TO_FP17_mgc_in_wire_wait_v1,lab
FP16_TO_FP17_mgc_out_stdreg_wait_v1,lab
FP16_TO_FP32_chn_a_rsci_unreg,lab
FP16_TO_FP32_chn_o_rsci_unreg,lab
FP16_TO_FP32_mgc_in_wire_wait_v1,lab
FP16_TO_FP32_mgc_out_stdreg_wait_v1,lab
FP17_ADD_chn_a_rsci_unreg,lab
FP17_ADD_chn_b_rsci_unreg,lab
FP17_ADD_chn_o_rsci_unreg,lab
FP17_ADD_mgc_in_wire_wait_v1,lab
FP17_ADD_mgc_out_stdreg_wait_v1,lab
FP17_MUL_chn_a_rsci_unreg,lab
FP17_MUL_chn_b_rsci_unreg,lab
FP17_MUL_chn_o_rsci_unreg,lab
FP17_MUL_mgc_in_wire_wait_v1,lab
FP17_MUL_mgc_out_stdreg_wait_v1,lab
FP17_SUB_chn_a_rsci_unreg,lab
FP17_SUB_chn_b_rsci_unreg,lab
FP17_SUB_chn_o_rsci_unreg,lab
FP17_SUB_mgc_in_wire_wait_v1,lab
FP17_SUB_mgc_out_stdreg_wait_v1,lab
FP17_TO_FP16_chn_a_rsci_unreg,lab
FP17_TO_FP16_chn_o_rsci_unreg,lab
FP17_TO_FP16_mgc_in_wire_wait_v1,lab
FP17_TO_FP16_mgc_out_stdreg_wait_v1,lab
FP17_TO_FP32_chn_a_rsci_unreg,lab
FP17_TO_FP32_chn_o_rsci_unreg,lab
FP17_TO_FP32_mgc_in_wire_wait_v1,lab
FP17_TO_FP32_mgc_out_stdreg_wait_v1,lab
FP32_ADD_chn_a_rsci_unreg,lab
FP32_ADD_chn_b_rsci_unreg,lab
FP32_ADD_chn_o_rsci_unreg,lab
FP32_ADD_mgc_in_wire_wait_v1,lab
FP32_ADD_mgc_out_stdreg_wait_v1,lab
FP32_MUL_chn_a_rsci_unreg,lab
FP32_MUL_chn_b_rsci_unreg,lab
FP32_MUL_chn_o_rsci_unreg,lab
FP32_MUL_mgc_in_wire_wait_v1,lab
FP32_MUL_mgc_out_stdreg_wait_v1,lab
FP32_SUB_chn_a_rsci_unreg,lab
FP32_SUB_chn_b_rsci_unreg,lab
FP32_SUB_chn_o_rsci_unreg,lab
FP32_SUB_mgc_in_wire_wait_v1,lab
FP32_SUB_mgc_out_stdreg_wait_v1,lab
FP32_TO_FP16_chn_a_rsci_unreg,lab
FP32_TO_FP16_chn_o_rsci_unreg,lab
FP32_TO_FP16_mgc_in_wire_wait_v1,lab
FP32_TO_FP16_mgc_out_stdreg_wait_v1,lab
FP32_TO_FP17_chn_a_rsci_unreg,lab
FP32_TO_FP17_chn_o_rsci_unreg,lab
FP32_TO_FP17_mgc_in_wire_wait_v1,lab
FP32_TO_FP17_mgc_out_stdreg_wait_v1,lab
HLS_fp16_to_fp17_core_chn_a_rsci_chn_a_wait_ctrl,lab
HLS_fp16_to_fp17_core_chn_o_rsci_chn_o_wait_ctrl,lab
HLS_fp16_to_fp17_core_chn_o_rsci_chn_o_wait_dp,lab
HLS_fp16_to_fp17_core_core_fsm,lab
HLS_fp16_to_fp17_core_staller,lab
HLS_fp16_to_fp32_core_chn_a_rsci_chn_a_wait_ctrl,lab
HLS_fp16_to_fp32_core_chn_o_rsci_chn_o_wait_ctrl,lab
HLS_fp16_to_fp32_core_chn_o_rsci_chn_o_wait_dp,lab
HLS_fp16_to_fp32_core_core_fsm,lab
HLS_fp16_to_fp32_core_staller,lab
HLS_fp17_add_core_chn_a_rsci_chn_a_wait_ctrl,lab
HLS_fp17_add_core_chn_b_rsci_chn_b_wait_ctrl,lab
HLS_fp17_add_core_chn_o_rsci_chn_o_wait_ctrl,lab
HLS_fp17_add_core_chn_o_rsci_chn_o_wait_dp,lab
HLS_fp17_add_core_core_fsm,lab
HLS_fp17_add_core_staller,lab
HLS_fp17_mul_core_chn_a_rsci_chn_a_wait_ctrl,lab
Arbiter_20,lab
HLS_fp17_mul_core_chn_b_rsci_chn_b_wait_ctrl,lab
HLS_fp17_mul_core_chn_o_rsci_chn_o_wait_ctrl,lab
HLS_fp17_mul_core_chn_o_rsci_chn_o_wait_dp,lab
HLS_fp17_mul_core_core_fsm,lab
HLS_fp17_mul_core_staller,lab
HLS_fp17_sub_core_chn_a_rsci_chn_a_wait_ctrl,lab
LNQD1PO4,lab
HLS_fp17_sub_core_chn_b_rsci_chn_b_wait_ctrl,lab
HLS_fp17_sub_core_chn_o_rsci_chn_o_wait_ctrl,lab
HLS_fp17_sub_core_chn_o_rsci_chn_o_wait_dp,lab
HLS_fp17_sub_core_core_fsm,lab
HLS_fp17_sub_core_staller,lab
HLS_fp17_to_fp16_core_chn_a_rsci_chn_a_wait_ctrl,lab
HLS_fp17_to_fp16_core_chn_o_rsci_chn_o_wait_ctrl,lab
HLS_fp17_to_fp16_core_chn_o_rsci_chn_o_wait_dp,lab
HLS_fp17_to_fp16_core_core_fsm,lab
HLS_fp17_to_fp16_core_staller,lab
HLS_fp17_to_fp32_core_chn_a_rsci_chn_a_wait_ctrl,lab
HLS_fp17_to_fp32_core_chn_o_rsci_chn_o_wait_ctrl,lab
HLS_fp17_to_fp32_core_chn_o_rsci_chn_o_wait_dp,lab
HLS_fp17_to_fp32_core_core_fsm,lab
HLS_fp17_to_fp32_core_staller,lab
HLS_fp32_add_core_chn_a_rsci_chn_a_wait_ctrl,lab
HLS_fp32_add_core_chn_b_rsci_chn_b_wait_ctrl,lab
HLS_fp32_add_core_chn_o_rsci_chn_o_wait_ctrl,lab
HLS_fp32_add_core_chn_o_rsci_chn_o_wait_dp,lab
HLS_fp32_add_core_core_fsm,lab
HLS_fp32_add_core_staller,lab
HLS_fp32_mul_core_chn_a_rsci_chn_a_wait_ctrl,lab
HLS_fp32_mul_core_chn_b_rsci_chn_b_wait_ctrl,lab
HLS_fp32_mul_core_chn_o_rsci_chn_o_wait_ctrl,lab
HLS_fp32_mul_core_chn_o_rsci_chn_o_wait_dp,lab
HLS_fp32_mul_core_core_fsm,lab
HLS_fp32_mul_core_staller,lab
HLS_fp32_sub_core_chn_a_rsci_chn_a_wait_ctrl,lab
HLS_fp32_sub_core_chn_b_rsci_chn_b_wait_ctrl,lab
HLS_fp32_sub_core_chn_o_rsci_chn_o_wait_ctrl,lab
HLS_fp32_sub_core_chn_o_rsci_chn_o_wait_dp,lab
HLS_fp32_sub_core_core_fsm,lab
HLS_fp32_sub_core_staller,lab
HLS_fp32_to_fp16_core_chn_a_rsci_chn_a_wait_ctrl,lab
HLS_fp32_to_fp16_core_chn_o_rsci_chn_o_wait_ctrl,lab
HLS_fp32_to_fp16_core_chn_o_rsci_chn_o_wait_dp,lab
HLS_fp32_to_fp16_core_core_fsm,lab
HLS_fp32_to_fp16_core_staller,lab
HLS_fp32_to_fp17_core_chn_a_rsci_chn_a_wait_ctrl,lab
HLS_fp32_to_fp17_core_chn_o_rsci_chn_o_wait_ctrl,lab
HLS_fp32_to_fp17_core_chn_o_rsci_chn_o_wait_dp,lab
HLS_fp32_to_fp17_core_core_fsm,lab
HLS_fp32_to_fp17_core_staller,lab
HLS_uint16_to_fp17_core_chn_a_rsci_chn_a_wait_ctrl,lab
HLS_uint16_to_fp17_core_chn_o_rsci_chn_o_wait_ctrl,lab
HLS_uint16_to_fp17_core_chn_o_rsci_chn_o_wait_dp,lab
HLS_uint16_to_fp17_core_core_fsm,lab
HLS_uint16_to_fp17_core_staller,lab
MUX2D4,lab
MUX2HDD2,lab
NV_BLKBOX_BUFFER,lab
NV_BLKBOX_SRC0,lab
NV_BLKBOX_SRC0_X,lab
NV_DW02_tree,lab
NV_DW_minmax,lab
NV_NVDLA_CDP_DP_MUL_unit,lab
NV_NVDLA_CDP_DP_nan,lab
NV_NVDLA_CMAC_CORE_cfg,lab
NV_NVDLA_CSB_MASTER_csb2falcon_fifo_gray_cntr,lab
NV_NVDLA_CSB_MASTER_csb2falcon_fifo_gray_cntr_strict,lab
NV_NVDLA_CSB_MASTER_falcon2csb_fifo_gray_cntr,lab
NV_NVDLA_CSB_MASTER_falcon2csb_fifo_gray_cntr_strict,lab
NV_NVDLA_DMAIF_rdreq,lab
NV_NVDLA_HLS_saturate,lab
NV_NVDLA_HLS_shiftleftsu,lab
NV_NVDLA_HLS_shiftrightusz,lab
NV_NVDLA_MCIF_READ_EG_OUT_pipe,lab
NV_NVDLA_MCIF_READ_EG_pipe_pr,lab
NV_NVDLA_MCIF_READ_IG_ARB_pipe,lab
NV_NVDLA_MCIF_READ_IG_ARB_pipe_out,lab
NV_NVDLA_MCIF_READ_IG_BPT_pipe_p1,lab
NV_NVDLA_MCIF_READ_IG_BPT_pipe_p2,lab
NV_NVDLA_MCIF_READ_IG_CVT_pipe_p1,lab
NV_NVDLA_MCIF_WRITE_EG_pipe,lab
NV_NVDLA_MCIF_WRITE_IG_ARB_pipe,lab
NV_NVDLA_MCIF_WRITE_IG_BPT_dfifo,lab
NV_NVDLA_MCIF_WRITE_IG_BPT_pipe_p1,lab
NV_NVDLA_MCIF_WRITE_IG_BPT_pipe_p2,lab
NV_NVDLA_MCIF_WRITE_IG_BPT_pipe_p3,lab
NV_NVDLA_MCIF_WRITE_IG_CVT_pipe_p1,lab
NV_NVDLA_MCIF_WRITE_IG_CVT_pipe_p2,lab
NV_NVDLA_MCIF_WRITE_IG_CVT_pipe_p3,lab
NV_NVDLA_MCIF_WRITE_IG_CVT_pipe_p4,lab
NV_NVDLA_PDP_nan,lab
NV_NVDLA_RT_cacc2glb,lab
NV_NVDLA_SDP_CMUX_pipe_p1,lab
NV_NVDLA_SDP_CMUX_pipe_p2,lab
NV_NVDLA_SDP_CORE_pipe_p11,lab
NV_NVDLA_SDP_CORE_unpack,lab
NV_NVDLA_SDP_HLS_prelu,lab
NV_NVDLA_SDP_HLS_relu,lab
NV_NVDLA_SDP_HLS_sync2data,lab
NV_NVDLA_SDP_MRDMA_EG_DOUT_pipe_p1,lab
NV_NVDLA_SDP_MRDMA_EG_pfifo,lab
NV_NVDLA_SDP_RDMA_EG_RO_dfifo,lab
NV_NVDLA_SDP_RDMA_EG_RO_pipe_p1,lab
NV_NVDLA_SDP_RDMA_unpack,lab
NV_NVDLA_SDP_WDMA_DAT_IN_dfifo,lab
NV_NVDLA_apb2csb,lab
OR2D1,lab
PGAOPV_AN2D2PO4,lab
PGAOPV_DFCNQD2PO4,lab
PGAOPV_INVD2PO4,lab
SDFCNQD1,lab
SDFQD1,lab
SDFSNQD1,lab
UINT16_TO_FP17_chn_a_rsci_unreg,lab
UINT16_TO_FP17_chn_o_rsci_unreg,lab
UINT16_TO_FP17_mgc_in_wire_wait_v1,lab
UINT16_TO_FP17_mgc_out_stdreg_wait_v1,lab
bp_be_pipe_fp,lab
bp_be_pipe_mul,lab
bp_fe_instr_scan_05,lab
bp_me_cce_id_to_cord_05,lab
bp_me_cord_to_id_05,lab
bp_me_lce_id_to_cord_05,lab
bp_pma_05,lab
bsg_array_concentrate_static_3_62,lab
bsg_array_concentrate_static_5_62,lab
bsg_buf_width_p1,lab
bsg_circular_ptr_slots_p16_max_add_p1,lab
bsg_circular_ptr_slots_p16_max_add_p15,lab
bsg_circular_ptr_slots_p4_max_add_p1,lab
bsg_circular_ptr_slots_p64_max_add_p1,lab
bsg_circular_ptr_slots_p8_max_add_p1,lab
bsg_concentrate_static_03,lab
bsg_concentrate_static_05,lab
bsg_concentrate_static_09,lab
bsg_concentrate_static_0f,lab
bsg_concentrate_static_11,lab
bsg_concentrate_static_17,lab
bsg_concentrate_static_1b,lab
bsg_concentrate_static_1d,lab
bsg_concentrate_static_1f,lab
bsg_concentrate_static_3,lab
bsg_concentrate_static_5,lab
bsg_concentrate_static_7,lab
bsg_counter_clear_up_f_0_1,lab
bsg_counter_clear_up_max_val_p127_init_val_p0,lab
bsg_counter_clear_up_max_val_p1_init_val_p0,lab
bsg_counter_clear_up_max_val_p4_init_val_p0,lab
bsg_counter_clear_up_max_val_p4_init_val_p0_disable_overflow_warning_p1,lab
bsg_counter_clear_up_max_val_p63_init_val_p0,lab
bsg_counter_clear_up_max_val_p64_init_val_p0,lab
bsg_counter_clear_up_max_val_p65_init_val_p0,lab
bsg_counter_clear_up_max_val_p8,lab
bsg_counter_clear_up_max_val_p8_init_val_p0_disable_overflow_warning_p1,lab
bsg_counter_clear_up_max_val_p9_init_val_p0,lab
bsg_counter_set_down_3_1,lab
bsg_counter_set_down_4_1,lab
bsg_counter_up_down_32_0_1,lab
bsg_counter_up_down_max_val_p16_init_val_p0_max_step_p1,lab
bsg_counter_up_down_max_val_p9_init_val_p0_max_step_p1,lab
bsg_counter_up_down_variable_max_val_p64_init_val_p64_max_step_p64,lab
bsg_decode_num_out_p10,lab
bsg_decode_num_out_p2,lab
bsg_decode_num_out_p3,lab
bsg_decode_num_out_p4,lab
bsg_decode_num_out_p5,lab
bsg_decode_num_out_p8,lab
bsg_dff_en_width_p1,lab
bsg_dff_en_width_p16_harden_p0,lab
bsg_dff_reset_02,lab
bsg_dff_reset_04,lab
bsg_dff_reset_05,lab
bsg_dff_reset_2,lab
bsg_dff_reset_2_3,lab
bsg_dff_reset_3,lab
bsg_dff_reset_en_width_p1,lab
bsg_dff_reset_en_width_p10,lab
bsg_dff_reset_en_width_p1_reset_val_p0,lab
bsg_dff_reset_en_width_p2,lab
bsg_dff_reset_en_width_p2_harden_p1,lab
bsg_dff_reset_en_width_p3_harden_p1,lab
bsg_dff_reset_en_width_p3_reset_val_p0,lab
bsg_dff_reset_en_width_p4_reset_val_p0,lab
bsg_dff_reset_en_width_p9_harden_p1,lab
bsg_dff_reset_width_p1,lab
bsg_dff_reset_width_p11,lab
bsg_dff_reset_width_p13,lab
bsg_dff_reset_width_p2,lab
bsg_dff_reset_width_p3,lab
bsg_dff_reset_width_p5,lab
bsg_dff_reset_width_p6,lab
bsg_dff_width_p2_harden_p1,lab
bsg_dff_width_p3_harden_p1,lab
bsg_dff_width_p4_harden_p0_strength_p2,lab
bsg_dff_width_p5_harden_p0_strength_p4,lab
bsg_dff_width_p9_harden_p1,lab
bsg_encode_one_hot_width_p1,lab
bsg_expand_bitmask_in_width_p2_expand_p4,lab
bsg_expand_bitmask_in_width_p4_expand_p2,lab
bsg_expand_bitmask_in_width_p8_expand_p1,lab
bsg_expand_bitmask_in_width_p8_expand_p8,lab
bsg_hash_bank_banks_p2_width_p5,lab
bsg_launch_sync_sync_posedge_1_unit,lab
bsg_launch_sync_sync_posedge_4_unit,lab
bsg_lru_pseudo_tree_decode_ways_p8,lab
bsg_mem_1r1w_synth_width_p1_els_p2_read_write_same_addr_p0_harden_p0,lab
bsg_mem_1r1w_synth_width_p1_els_p8_read_write_same_addr_p0_harden_p0,lab
bsg_mem_1r1w_synth_width_p3_els_p2_read_write_same_addr_p0_harden_p0,lab
bsg_mem_1r1w_synth_width_p4_els_p2_read_write_same_addr_p0_harden_p0,lab
bsg_mux2_gatestack_width_p2_harden_p1,lab
bsg_mux2_gatestack_width_p3_harden_p1,lab
bsg_mux2_gatestack_width_p9_harden_p1,lab
bsg_mux_one_hot_width_p41_els_p1,lab
bsg_mux_segmented_segments_p5_segment_width_p64,lab
bsg_mux_segmented_segments_p8_segment_width_p8,lab
bsg_mux_width_p16_els_p4,lab
bsg_mux_width_p1_els_p2,lab
bsg_mux_width_p1_els_p4,lab
bsg_mux_width_p1_els_p4_harden_p1_balanced_p1,lab
bsg_mux_width_p32_els_p2,lab
bsg_mux_width_p39_els_p2,lab
bsg_mux_width_p8_els_p4,lab
bsg_mux_width_p8_els_p8,lab
bsg_muxi2_gatestack_width_p5_harden_p1,lab
bsg_nand_width_p5_harden_p1,lab
bsg_nor3_width_p4_harden_p1,lab
bsg_reduce_width_p5_and_p1_harden_p1,lab
bsg_round_robin_arb_02,lab
bsg_round_robin_arb_2,lab
bsg_round_robin_arb_inputs_p1,lab
bsg_round_robin_arb_inputs_p2,lab
bsg_scan_width_p16_or_p1_lo_to_hi_p1,lab
bsg_scan_width_p3_or_p1_lo_to_hi_p1,lab
bsg_scan_width_p5_or_p1_lo_to_hi_p1,lab
bsg_scan_width_p8_or_p1_lo_to_hi_p1,lab
bsg_swap_width_p128,lab
bsg_swap_width_p256,lab
bsg_swap_width_p64,lab
bsg_sync_sync_1_unit,lab
bsg_transpose_width_p3_els_p3,lab
bsg_transpose_width_p5_els_p5,lab
bsg_unconcentrate_static_03,lab
bsg_unconcentrate_static_05,lab
bsg_unconcentrate_static_09,lab
bsg_unconcentrate_static_0f,lab
bsg_unconcentrate_static_11,lab
bsg_unconcentrate_static_17,lab
bsg_unconcentrate_static_1b,lab
bsg_unconcentrate_static_1d,lab
bsg_unconcentrate_static_1f,lab
bsg_unconcentrate_static_3,lab
bsg_unconcentrate_static_5,lab
bsg_unconcentrate_static_7,lab
bsg_wormhole_router_decoder_dor_1_2_1,lab
bsg_wormhole_router_decoder_dor_2_2_1,lab
bsg_xnor_width_p5_harden_p1,lab
controller,lab
datapath_latch_rf_2p_hsc_256x64_nogating,lab
lfsr_8bit_00000004,lab
lfsr_8bit_00000008,lab
lzc_00000003,lab
lzc_00000004,lab
nv_ram_rws_128x18,lab
nv_ram_rws_128x256,lab
nv_ram_rws_128x64,lab
nv_ram_rws_16x256,lab
nv_ram_rws_16x272,lab
nv_ram_rws_16x64,lab
nv_ram_rws_256x3,lab
nv_ram_rws_256x512,lab
nv_ram_rws_256x7,lab
nv_ram_rws_32x16,lab
nv_ram_rws_32x512,lab
nv_ram_rws_32x544,lab
nv_ram_rws_32x768,lab
nv_ram_rws_512x256,lab
nv_ram_rws_512x64,lab
nv_ram_rws_64x10,lab
nv_ram_rws_64x1024,lab
nv_ram_rws_64x1088,lab
nv_ram_rws_64x116,lab
nv_ram_rws_64x18,lab
nv_ram_rwsp_128x11,lab
nv_ram_rwsp_128x6,lab
nv_ram_rwsp_160x16,lab
nv_ram_rwsp_160x514,lab
nv_ram_rwsp_160x65,lab
nv_ram_rwsp_16x14,lab
nv_ram_rwsp_16x16,lab
nv_ram_rwsp_16x65,lab
nv_ram_rwsp_20x289,lab
nv_ram_rwsp_245x514,lab
nv_ram_rwsp_256x11,lab
nv_ram_rwsp_32x32,lab
nv_ram_rwsp_61x514,lab
nv_ram_rwsp_61x64,lab
nv_ram_rwsp_61x65,lab
nv_ram_rwsp_80x14,lab
nv_ram_rwsp_80x16,lab
nv_ram_rwsp_80x256,lab
nv_ram_rwsp_80x514,lab
nv_ram_rwsp_80x65,lab
nv_ram_rwsp_8x65,lab
nv_ram_rwst_256x8,lab
nv_ram_rwsthp_19x32,lab
nv_ram_rwsthp_19x4,lab
nv_ram_rwsthp_19x80,lab
nv_ram_rwsthp_20x4,lab
nv_ram_rwsthp_60x168,lab
nv_ram_rwsthp_60x21,lab
nv_ram_rwsthp_80x15,lab
nv_ram_rwsthp_80x17,lab
nv_ram_rwsthp_80x72,lab
nv_ram_rwsthp_80x9,lab
p_SDFCNQD1PO4,lab
p_SSYNC2DO_C_PP,lab
p_SSYNC3DO,lab
p_SSYNC3DO_C_PPP,lab
p_SSYNC3DO_S_PPP,lab
stream_demux_N_OUP3,lab
AMOALU,lab
AXI4IdIndexer_1,lab
Arbiter,lab
Arbiter_1,lab
Arbiter_10,lab
Arbiter_11,lab
Arbiter_12,lab
Arbiter_13,lab
Arbiter_14,lab
Arbiter_16,lab
Arbiter_18,lab
Arbiter_19,lab
Arbiter_8,lab
Arbiter_9,lab
AsyncResetRegVec_w1_i0,lab
AsyncResetRegVec_w1_i0_5,lab
AsyncResetRegVec_w1_i0_6,lab
AsyncResetRegVec_w1_i1,lab
AsyncResetRegVec_w2_i0,lab
AsyncResetSynchronizerPrimitiveShiftReg_d3_i0,lab
AsyncResetSynchronizerPrimitiveShiftReg_d3_i0_inTestHarness,lab
BranchDecode,lab
BreakpointUnit,lab
BundleBridgeNexus_13,lab
BundleBridgeNexus_15,lab
BundleBridgeNexus_16,lab
BundleBridgeNexus_4,lab
BundleBridgeNexus_6,lab
ClockCrossingReg_w15,lab
ClockCrossingReg_w32_inTestHarness,lab
ClockCrossingReg_w43,lab
ClockCrossingReg_w55,lab
ClockGroup,lab
ClockGroupAggregator,lab
ClockGroupAggregator_1,lab
ClockGroupAggregator_2,lab
ClockGroupAggregator_3,lab
ClockGroupAggregator_4,lab
ClockGroupAggregator_5,lab
ClockGroupAggregator_6,lab
ClockGroupParameterModifier,lab
ClockGroupParameterModifier_1,lab
ClockGroup_1,lab
ClockGroup_2,lab
ClockGroup_3,lab
ClockGroup_4,lab
ClockGroup_5,lab
ClockGroup_6,lab
CompareRecFN,lab
DCacheModuleImpl_Anon_1,lab
DCacheModuleImpl_Anon_2,lab
DMIToTL,lab
EICG_wrapper,lab
FMADecoder,lab
FixedClockBroadcast,lab
FixedClockBroadcast_1,lab
FixedClockBroadcast_3,lab
FixedClockBroadcast_4,lab
FixedClockBroadcast_5,lab
GenericAnalogIOCell,lab
GenericDeserializer,lab
GenericDeserializer_inTestHarness,lab
GenericDigitalGPIOCell,lab
GenericDigitalInIOCell,lab
GenericDigitalOutIOCell,lab
GenericSerializer,lab
GenericSerializer_inTestHarness,lab
HellaCacheArbiter,lab
IntSyncCrossingSource_4,lab
IntSyncSyncCrossingSink,lab
IntSyncSyncCrossingSink_1,lab
IntXbar,lab
IntXbar_1,lab
JtagStateMachine,lab
LevelGateway,lab
LtComparator_0x422b1f52edd46a85,lab
MaxPeriodFibonacciLFSR_3,lab
Mul54,lab
Mux_0x683fa1a418b072c9,lab
Mux_0xdd6473406d1a99a,lab
NLPrefetcher,lab
NonSyncResetSynchronizerPrimitiveShiftReg_d3,lab
OptimizationBarrier,lab
OptimizationBarrier_14,lab
OptimizationBarrier_21,lab
OptimizationBarrier_22,lab
OptimizationBarrier_35,lab
OptimizationBarrier_36,lab
OptimizationBarrier_41,lab
OptimizationBarrier_42,lab
OptimizationBarrier_43,lab
OptimizationBarrier_92,lab
OptimizationBarrier_93,lab
PLICFanIn,lab
PipelinedMultiplier,lab
QueueCompatibility_21,lab
QueueCompatibility_22,lab
QueueCompatibility_33,lab
QueueCompatibility_34,lab
ROM,lab
Queue_23,lab
Queue_24,lab
Queue_28,lab
Queue_28_inTestHarness,lab
Queue_42,lab
Queue_47,lab
Queue_50_inTestHarness,lab
Queue_53,lab
Queue_62_inTestHarness,lab
RecFNToIN_1,lab
RegEn_0x68db79c4ec1d6e5b,lab
RegRst_0x9f365fdf6c8998a,lab
RegisterReadDecode,lab
RegisterReadDecode_1,lab
RegisterReadDecode_2,lab
Repeater,lab
Repeater_1,lab
Repeater_10_inTestHarness,lab
Repeater_11,lab
Repeater_11_inTestHarness,lab
Repeater_12_inTestHarness,lab
Repeater_13_inTestHarness,lab
Repeater_2,lab
Repeater_3,lab
Repeater_4,lab
Repeater_5,lab
Repeater_6,lab
Repeater_7,lab
Repeater_8,lab
Repeater_9,lab
Repeater_9_inTestHarness,lab
RoundAnyRawFNToRecFN,lab
RoundAnyRawFNToRecFN_1,lab
RoundAnyRawFNToRecFN_5,lab
SinkE,lab
Subtractor_0x422b1f52edd46a85,lab
TLBuffer_10,lab
TLBuffer_12,lab
TLBuffer_13,lab
TLBuffer_15,lab
TLBuffer_16,lab
TLBuffer_18,lab
TLBuffer_2,lab
TLBuffer_22,lab
TLBuffer_24,lab
TLBuffer_3,lab
TLBuffer_8,lab
TLInterconnectCoupler_14,lab
TLInterconnectCoupler_15,lab
TLInterconnectCoupler_16,lab
TLInterconnectCoupler_2,lab
TLSourceShrinker_1,lab
TLWidthWidget,lab
TLWidthWidget_1,lab
TLWidthWidget_3,lab
TLWidthWidget_4,lab
TLWidthWidget_5,lab
TLWidthWidget_6,lab
TLWidthWidget_7,lab
TLWidthWidget_8,lab
TLXbar_1,lab
TLXbar_3,lab
TLXbar_7,lab
UOPCodeFDivDecoder,lab
ZeroComparator_0x422b1f52edd46a85,lab
addRoundKey,lab
adder,lab
bp_be_dcache_lru_decode_ways_p8,lab
bp_be_dcache_lru_encode_ways_p8,lab
bp_be_dcache_wbuf_queue_width_p97,lab
bsg_circular_ptr_slots_p32_max_add_p1,lab
bsg_circular_ptr_slots_p32_max_add_p31,lab
bsg_dff_en_width_p36,lab
bsg_dff_en_width_p5,lab
bsg_dff_reset_en_64_80000124,lab
bsg_dff_reset_en_width_p8,lab
bsg_dff_width_p1890,lab
bsg_dff_width_p35,lab
bsg_dff_width_p640,lab
bsg_mem_1r1w_synth_width_p26_els_p2_read_write_same_addr_p0_harden_p0,lab
bsg_mem_1r1w_synth_width_p27_els_p2_read_write_same_addr_p0_harden_p0,lab
bsg_mem_1r1w_synth_width_p28_els_p2_read_write_same_addr_p0_harden_p0,lab
bsg_mem_1r1w_synth_width_p30_els_p2_read_write_same_addr_p0_harden_p0,lab
bsg_mem_1r1w_synth_width_p32_els_p2_read_write_same_addr_p0_harden_p0,lab
bsg_mem_1r1w_synth_width_p36_els_p2_read_write_same_addr_p0_harden_p0,lab
bsg_mux_segmented_segments_p5_segment_width_p128,lab
clockhdr,lab
cmp_and_mux_ID_BITS8_INTPRIORITY_BITS4,lab
delay1,lab
delay2,lab
delay3,lab
dmi_jtag_to_core_sync,lab
ibex_branch_predict,lab
ibex_counter,lab
ibex_csr,lab
ibex_register_file_ff,lab
ibex_register_file_fpga,lab
inverseShiftRows,lab
magcompare2b,lab
magcompare2c,lab
maindec,lab
mixColumns,lab
prim_clock_gating,lab
prim_generic_clock_gating,lab
prim_secded_28_22_dec,lab
prim_secded_28_22_enc,lab
prim_secded_39_32_dec,lab
prim_secded_39_32_enc,lab
regfile,lab
rvbtb_addr_hash,lab
rvbtb_ghr_hash,lab
rvbtb_tag_hash,lab
rvdff_WIDTH1,lab
rvdff_WIDTH10,lab
rvdff_WIDTH11,lab
rvdff_WIDTH12,lab
rvdff_WIDTH13,lab
rvdff_WIDTH14,lab
rvdff_WIDTH15,lab
rvdff_WIDTH16,lab
rvdff_WIDTH17,lab
rvdff_WIDTH18,lab
rvdff_WIDTH2,lab
rvdff_WIDTH20,lab
rvdff_WIDTH22,lab
rvdff_WIDTH26,lab
rvdff_WIDTH28,lab
rvdff_WIDTH3,lab
rvdff_WIDTH4,lab
rvdff_WIDTH5,lab
rvdff_WIDTH6,lab
rvdff_WIDTH7,lab
rvdff_WIDTH8,lab
rvdff_WIDTH9,lab
rveven_paritycheck,lab
rveven_paritycheck_WIDTH20,lab
rveven_paritygen_WIDTH16,lab
rveven_paritygen_WIDTH20,lab
rvrangecheck_f0040000_64,lab
rvrangecheck_f00c0000_32,lab
shiftRows,lab
split_array_0_0_ext,lab
split_btb_0_ext,lab
split_cc_dir_ext,lab
split_dataArrayB0Way_0_ext,lab
split_dataArrayWay_0_ext,lab
split_data_arrays_0_0_ext,lab
split_data_arrays_0_ext,lab
split_data_ext,lab
split_ebtb_ext,lab
split_ghist_0_ext,lab
split_hi_us_0_ext,lab
split_hi_us_ext,lab
split_l2_tlb_ram_ext,lab
split_mem_ext,lab
split_mem_ext_0,lab
split_meta_0_ext,lab
split_meta_ext,lab
split_rob_debug_inst_mem_ext,lab
split_table_0_ext,lab
split_table_1_ext,lab
split_table_ext,lab
split_tag_array_0_ext,lab
split_tag_array_ext,lab
adder_1b,lab
adder_2b,lab
adder_3b,lab
adder_4b,lab
bw_clk_cclk_inv_128x,lab
bw_clk_cclk_inv_48x,lab
bw_clk_cclk_inv_64x,lab
bw_clk_cclk_inv_96x,lab
bw_clk_cclk_scanlasr_2x,lab
bw_clk_cl_ctu_2xcmp,lab
bw_clk_cl_ctu_2xcmp_b,lab
bw_clk_gclk_inv_192x,lab
bw_clk_gclk_inv_224x,lab
bw_clk_gclk_inv_288x,lab
bw_clk_gclk_inv_r90_192x,lab
bw_clk_gclk_inv_r90_224x,lab
bw_clk_gclk_inv_r90_256x,lab
bw_io_cmos_edgelogic,lab
bw_io_ddr_mclk_txrx,lab
bw_io_ddr_pad_txrx,lab
bw_io_ddr_pad_txrx_zctl,lab
bw_io_ddr_vref_logic_high,lab
bw_io_ddr_vref_rptr,lab
bw_io_dtl_rcv_dc,lab
bw_io_dtl_vref,lab
bw_io_ic_filter,lab
bw_iodll,lab
bw_ioslave_dl,lab
bw_r_idct_array,lab
bw_r_irf_72_2x1_mux,lab
bw_r_irf_72_4x1_mux,lab
bw_r_irf_register,lab
bw_r_l2d_rep_bot,lab
bw_r_l2d_rep_top,lab
bw_r_rf16x2,lab
bw_r_rf32x152b,lab
bw_r_tlb_data_ram,lab
ccx_global_int_buf,lab
ccx_iob_rptr,lab
clken_buf,lab
cpx_buf_io,lab
cpx_buf_p0,lab
cpx_buf_p4,lab
cpx_buf_pm,lab
cpx_databuf_ca,lab
cpx_databuf_ca2,lab
cpx_fpbuf_p0,lab
ctu_jtag_id,lab
ctu_mask_id,lab
ctu_test_stub_scan,lab
dff_ns,lab
dff_sscan,lab
dffe,lab
dffe_ns,lab
dffr,lab
dffr_ns,lab
dffr_ns_r1,lab
dffre,lab
dffre_ns,lab
dffrl,lab
dffrl_ns,lab
dffrle,lab
dffrle_ns,lab
dffsl_ns,lab
dp_buffer,lab
dp_mux2es,lab
dram0_ddr0_rptr,lab
dram1_ddr1_rptr,lab
dram2_ddr2_rptr,lab
dram3_ddr3_rptr,lab
dram_async_edgelogic,lab
dram_ddr_pad_rptr,lab
dram_ddr_pad_rptr_south,lab
dram_ddr_rptr,lab
dram_ddr_rptr_south,lab
dram_l2_buf2,lab
dram_sc_0_rep2,lab
dram_sc_1_rep2,lab
dram_sc_2_rep2,lab
dram_sc_3_rep2,lab
fpu_bufrpt_grp32,lab
fpu_bufrpt_grp4,lab
fpu_bufrpt_grp64,lab
fpu_cnt_lead0_lvl1,lab
fpu_cnt_lead0_lvl2,lab
fpu_cnt_lead0_lvl3,lab
fpu_cnt_lead0_lvl4,lab
fpu_denorm_3b,lab
fpu_denorm_3to1,lab
fpu_in2_gt_in1_2b,lab
fpu_in2_gt_in1_3b,lab
fpu_in2_gt_in1_3to1,lab
fpu_rptr_fp_cpx_grp16,lab
fpu_rptr_inq,lab
fpu_rptr_pcx_fpio_grp16,lab
iob_ccx_rptr,lab
iob_jbi_rptr_0,lab
iob_jbi_rptr_1,lab
iobdg_findfirst,lab
jbi_adder_1b,lab
jbi_adder_2b,lab
jbi_adder_3b,lab
jbi_adder_4b,lab
jbi_adder_5b,lab
jbi_l2_buf2,lab
jbi_shift_64,lab
jbi_shift_8,lab
lsu_dc_parity_gen,lab
mul64,lab
mul_bodec,lab
mul_csa32,lab
mul_csa42,lab
mul_ha,lab
mul_mux2,lab
mul_negen,lab
mul_ppgen,lab
mul_ppgensign,lab
pcx2mb_link_ctr,lab
pcx_buf_p0,lab
pcx_buf_p0_even,lab
pcx_buf_p4,lab
pcx_buf_p4_even,lab
pcx_buf_p4_odd,lab
pcx_buf_pdl,lab
pcx_buf_pdl_even,lab
pcx_buf_pdl_odd,lab
pcx_buf_pdr,lab
pcx_buf_pdr_even,lab
pcx_buf_pdr_odd,lab
pcx_buf_pm,lab
pcx_buf_pm_even,lab
pcx_buf_pm_odd,lab
pcx_databuf_pa,lab
rep_jbi_sc0_2,lab
rep_jbi_sc1_2,lab
rep_jbi_sc2_2,lab
rep_jbi_sc3_2,lab
scbuf_sig_buf,lab
scbuf_slowsig_buf,lab
scdata_rep,lab
sctag_cpx_rptr_0,lab
sctag_cpx_rptr_1,lab
sctag_cpx_rptr_2,lab
sctag_cpx_rptr_3,lab
sctag_dirg_buf,lab
sctag_dirl_buf,lab
sctag_min_rptr,lab
sctag_pcx_rptr_0,lab
sctag_pcx_rptr_1,lab
sctag_pcx_rptr_2,lab
sctag_pcx_rptr_3,lab
sctag_retbuf,lab
sctag_sig_rptr,lab
sctag_slow_rptr,lab
sctag_stdatarep,lab
sctag_tagctlrep,lab
source,lab
sparc_exu_alu_16eql,lab
sparc_exu_aluadder64,lab
sparc_exu_aluor32,lab
sparc_exu_aluspr,lab
sparc_exu_eclcomp7,lab
sparc_exu_rml_inc3,lab
sparc_ffu_part_add32,lab
sparc_ifu_cmp35,lab
sparc_ifu_incr46,lab
sparc_ifu_par16,lab
sparc_ifu_par32,lab
sparc_ifu_par34,lab
sparc_mul_cntl,lab
sparc_tlu_dec64,lab
sparc_tlu_penc64,lab
sparc_tlu_zcmp64,lab
spu_lsurpt,lab
test_stub_scan,lab
tlu_addern_32,lab
tlu_incr64,lab
tlu_prencoder16,lab
zsoffi_prim,lab
